,i_mean,q_mean,i_variance,q_variance,i_skewness,q_skewness,i_psd_mean,i_psd_varience,q_psd_mean,q_psd_varience,i_kurt,q_kurt,I_envelope_mean,Q_envelope_mean,I_zcr,Q_zcr,I_fractal_dimension,Q_fractal_dimension,I_complexity_index,Q_complexity_index,I_iqr_value,Q_iqr_value,I_peak_power,Q_peak_power,I_average_power,Q_average_power,I_papr,Q_papr,modulation
0,-0.00016820578554072252,-0.00012174676815181715,1.1000343101242147,1.1008721695062318,"[-0.43285572 -0.34864431 -0.26589318 ... -0.2418155  -0.54505108
 -0.25257737]","[ 0.03992302  0.34127387  0.063614   ...  0.10345189 -0.02355242
 -0.94981077]",5.462506052165958e-11,9.418030374122837e-20,5.4653142291021033e-11,9.43515610295713e-20,"[-0.84165104 -0.8641735  -1.15027849 ... -0.3598639  -0.33203786
 -0.92185074]","[ 0.00983592  0.09434355 -0.5630111  ... -0.06967957 -0.15642282
  2.84606896]",1.381074647060623,1.381682815823281,[0 6 3 ... 3 3 3],[ 0 40 35 ... 24 40 44],1.978519840173714,1.9932969039644943,21.488438259035682,21.52496927783864,1.4146372668372587,1.4155975802214318,31.84954501064422,29.68928569463084,1.1000343384174023,1.1008721843285068,28.95322800237812,26.968876239470305,BPSK
